Abilene Christian,[Abilene Christian](#f/abilenechristian)
Air Force,[Air Force](#f/airforce)
Akron,[Akron](#f/akron)
Alabama,[Alabama](#f/alabama)
Alabama A&M,[Alabama A&M](#f/alabamaam)
Alabama State,[Alabama State](#f/alabamastate)
Albany,[Albany](#f/albany)
Alcorn State,[Alcorn State](#f/alcornstate)
American,[American University](#f/american)
Appalachian State,[Appalachian State](#f/appalachianstate)
Arizona,[Arizona](#f/arizona)
Arizona State,[Arizona State](#f/arizonastate)
Arkansas,[Arkansas](#f/arkansas)
Arkansas State,[Arkansas State](#f/arkansasstate)
Arkansas-Pine Bluff,[Arkansas-Pine Bluff](#f/arkansaspinebluff)
Army,[Army](#f/army)
Auburn,[Auburn](#f/auburn)
Austin Peay,[Austin Peay](#f/austinpeay)
Ball State,[Ball State](#f/ballstate)
Baylor,[Baylor](#f/baylor)
Belmont,[Belmont](#f/belmont)
Bethune-Cookman,[Bethune-Cookman](#f/bethunecookman)
Binghamton,[Binghamton](#f/binghamton)
Boise State,[Boise State](#f/boisestate)
Boston College,[Boston College](#f/bostoncollege)
Boston University,[Boston University](#f/bostonuniversity)
Bowling Green,[Bowling Green](#f/bowlinggreen)
Bradley,[Bradley](#f/bradley)
Brown,[Brown](#f/brown)
Bryant,[Bryant](#f/bryant)
Bucknell,[Bucknell](#f/bucknell)
Buffalo,[Buffalo](#f/buffalo)
Butler,[Butler](#f/butler)
BYU,[BYU](#f/byu)
Cal Poly,[Cal Poly](#f/calpoly)
Cal State Fullerton,[CSU Fullerton](#f/csufullerton)
California,[California](#f/california)
Campbell,[Campbell](#f/campbell)
Canisius,[Canisius](#f/canisius)
Central Arkansas,[Central Arkansas](#f/centralarkansas)
Central Connecticut,[Central Connecticut State](#f/centralconnecticutstate)
Central Michigan,[Central Michigan](#f/centralmichigan)
Charleston,[Charleston (SC)](#f/collegecharleston)
Charleston Southern,[Charleston Southern](#f/charlestonsouthern)
Charlotte,[Charlotte](#f/charlotte)
Chattanooga,[Chattanooga](#f/chattanooga)
Chicago State,[Chicago State](#f/chicagostate)
Cincinnati,[Cincinnati](#f/cincinnati)
Clemson,[Clemson](#f/clemson)
Cleveland State,[Cleveland State](#f/clevelandstate)
Coastal Carolina,[Coastal Carolina](#f/coastalcarolina)
Colgate,[Colgate](#f/colgate)
Colorado,[Colorado](#f/colorado)
Colorado State,[Colorado State](#f/coloradostate)
Columbia,[Columbia](#f/columbia)
Connecticut,[Connecticut](#f/connecticut)
Coppin State,[Coppin State](#f/coppinstate)
Cornell,[Cornell](#f/cornell)
Creighton,[Creighton](#f/creighton)
CSU Bakersfield,[CSU Bakersfield](#f/csubakersfield)
CSU Northridge,[CSU Northridge](#f/csunorthridge)
Dartmouth,[Dartmouth](#f/dartmouth)
Davidson,[Davidson](#f/davidson)
Dayton,[Dayton](#f/dayton)
Delaware,[Delaware](#f/delaware)
Delaware State,[Delaware State](#f/delawarestate)
Denver,[Denver](#f/denver)
DePaul,[DePaul](#f/depaul)
Detroit Mercy,[Detroit](#f/detroitmercy)
Drake,[Drake](#f/drake)
Drexel,[Drexel](#f/drexel)
Duke,[Duke](#f/duke)
Duquesne,[Duquesne](#f/duquesne)
East Carolina,[East Carolina](#f/eastcarolina)
East Tennessee St.,[East Tennessee State](#f/easttennesseestate)
Eastern Illinois,[Eastern Illinois](#f/easternillinois)
Eastern Kentucky,[Eastern Kentucky](#f/easternkentucky)
Eastern Michigan,[Eastern Michigan](#f/easternmichigan)
Eastern Washington,[Eastern Washington](#f/easternwashington)
Elon,[Elon](#f/elon)
Evansville,[Evansville](#f/evansville)
Fairfield,[Fairfield](#f/fairfield)
Fairleigh Dickinson,[Fairleigh Dickinson](#f/fairleighdickinson)
Florida,[Florida](#f/florida)
Florida A&M,[Florida A&M](#f/floridaam)
Florida Atlantic,[FAU](#f/fau)
Florida Gulf Coast,[Florida Gulf Coast](#f/floridagulfcoast)
Florida Intl,[FIU](#f/fiu)
Florida State,[Florida State](#f/floridastate)
Fordham,[Fordham](#f/fordham)
Fort Wayne,[Fort Wayne](#f/fortwayne)
Fresno State,[Fresno State](#f/fresnostate)
Furman,[Furman](#f/furman)
Gardner-Webb,[Gardner-Webb](#f/gardnerwebb)
George Mason,[George Mason](#f/georgemason)
George Washington,[George Washington](#f/georgewashington)
Georgetown,[Georgetown](#f/georgetown)
Georgia,[Georgia](#f/georgia)
Georgia Southern,[Georgia Southern](#f/georgiasouthern)
Georgia State,[Georgia State](#f/georgiastate)
Georgia Tech,[Georgia Tech](#f/georgiatech)
Gonzaga,[Gonzaga](#f/gonzaga)
Grambling,[Grambling State](#f/gramblingstate)
Grand Canyon,[Grand Canyon](#f/grandcanyon)
Green Bay,[Green Bay](#f/greenbay)
Hampton,[Hampton](#f/hampton)
Hartford,[Hartford](#f/hartford)
Harvard,[Harvard](#f/harvard)
Hawai'i,[Hawai'i](#f/hawaii)
High Point,[High Point](#f/highpoint)
Hofstra,[Hofstra](#f/hofstra)
Holy Cross,[Holy Cross](#f/holycross)
Houston,[Houston](#f/houston)
Houston Baptist,[Houston Baptist](#f/houstonbaptist)
Howard,[Howard](#f/howard)
Idaho,[Idaho](#f/idaho)
Idaho State,[Idaho State](#f/idahostate)
Illinois,[Illinois](#f/illinois)
Illinois State,[Illinois State](#f/illinoisstate)
Incarnate Word,[Incarnate Word](#f/incarnateword)
Indiana,[Indiana](#f/indiana)
Indiana State,[Indiana State](#f/indianastate)
Iona,[Iona](#f/iona)
Iowa,[Iowa](#f/iowa)
Iowa State,[Iowa State](#f/iowastate)
IUPUI,[IUPUI](#f/iupui)
Jackson State,[Jackson State](#f/jacksonstate)
Jacksonville,[Jacksonville](#f/jacksonville)
Jacksonville State,[Jacksonville State](#f/jacksonvillestate)
James Madison,[James Madison](#f/jamesmadison)
Kansas,[Kansas](#f/kansas)
Kansas State,[Kansas State](#f/kansasstate)
Kennesaw State,[Kennesaw](#f/kennesaw)
Kent State,[Kent State](#f/kentstate)
Kentucky,[Kentucky](#f/kentucky)
La Salle,[La Salle](#f/lasalle)
Lafayette,[Lafayette](#f/lafayette)
Lamar,[Lamar](#f/lamar)
Lehigh,[Lehigh](#f/lehigh)
Liberty,[Liberty](#f/liberty)
Lipscomb,[Lipscomb](#f/lipscomb)
Little Rock,[Little Rock](#f/ualr)
LIU Brooklyn,[Long Island](#f/longisland)
Long Beach State,[CSU Long Beach](#f/csulongbeach)
Longwood,[Longwood](#f/longwood)
Louisiana Monroe,[ULM](#f/ulm)
Louisiana Tech,[Louisiana Tech](#f/louisianatech)
Louisville,[Louisville](#f/louisville)
Loyola (CHI),[Loyola Chicago](#f/loyolachicago)
Loyola (MD),[Loyola Maryland](#f/loyolamaryland)
Loyola Marymount,[Loyola Marymount](#f/loyolamarymount)
LSU,[LSU](#f/lsu)
Maine,[Maine](#f/maine)
Manhattan,[Manhattan](#f/manhattan)
Marist,[Marist](#f/marist)
Marquette,[Marquette](#f/marquette)
Marshall,[Marshall](#f/marshall)
Maryland,[Maryland](#f/maryland)
Maryland-Eastern Shore,[UMES](#f/umes)
Massachusetts,[UMass](#f/umass)
McNeese,[McNeese](#f/mcneese)
Memphis,[Memphis](#f/memphis)
Mercer,[Mercer](#f/mercer)
Miami,[Miami](#f/miami)
Miami (OH),[Miami (OH)](#f/miamioh)
Michigan,[Michigan](#f/michigan)
Michigan State,[Michigan State](#f/michiganstate)
Middle Tennessee,[Middle Tennessee](#f/middletennessee)
Milwaukee,[Milwaukee](#f/milwaukee)
Minnesota,[Minnesota](#f/minnesota)
Mississippi State,[Mississippi State](#f/mississippistate)
Mississippi Valley State,[Mississippi Valley State](#f/mississippivalleystate)
Missouri,[Missouri](#f/missouri)
Missouri State,[Missouri State](#f/missouristate)
Monmouth,[Monmouth](#f/monmouth)
Montana,[Montana](#f/montana)
Montana State,[Montana State](#f/montanastate)
Morehead State,[Morehead State](#f/moreheadstate)
Morgan State,[Morgan State](#f/morganstate)
Mount St Mary's,[Mount St. Mary's](#f/mountstmarys)
Murray State,[Murray State](#f/murraystate)
Navy,[Navy](#f/navy)
NC State,[NC State](#f/ncstate)
Nebraska,[Nebraska](#f/nebraska)
Nevada,[Nevada](#f/nevada)
New Hampshire,[New Hampshire](#f/newhampshire)
New Mexico,[New Mexico](#f/newmexico)
New Mexico State,[New Mexico State](#f/newmexicostate)
New Orleans,[New Orleans](#f/neworleans)
Niagara,[Niagara](#f/niagara)
Nicholls,[Nicholls State](#f/nichollsstate)
NJIT,[NJIT](#f/njit)
Norfolk State,[Norfolk State](#f/norfolkstate)
North Carolina,[North Carolina](#f/northcarolina)
North Carolina A&T,[North Carolina A&T](#f/northcarolinaat)
North Carolina Central,[North Carolina Central](#f/nccentral)
North Dakota,[North Dakota](#f/northdakota)
North Dakota State,[North Dakota State](#f/northdakotastate)
North Florida,[North Florida](#f/northflorida)
North Texas,[North Texas](#f/northtexas)
Northeastern,[Northeastern](#f/northeastern)
Northern Arizona,[Northern Arizona](#f/northernarizona)
Northern Colorado,[Northern Colorado](#f/northerncolorado)
Northern Illinois,[Northern Illinois](#f/northernillinois)
Northern Iowa,[Northern Iowa](#f/northerniowa)
Northern Kentucky,[Northern Kentucky](#f/northernkentucky)
Northwestern,[Northwestern](#f/northwestern)
Northwestern State,[Northwestern State](#f/northwesternstate)
Notre Dame,[Notre Dame](#f/notredame)
Oakland,[Oakland](#f/oakland)
Ohio,[Ohio](#f/ohio)
Ohio State,[Ohio State](#f/ohiostate)
Oklahoma,[Oklahoma](#f/oklahoma)
Oklahoma State,[Oklahoma State](#f/oklahomastate)
Old Dominion,[Old Dominion](#f/olddominion)
Ole Miss,[Ole Miss](#f/olemiss)
Omaha,[Omaha](#f/nebraskaomaha)
Oral Roberts,[Oral Roberts](#f/oralroberts)
Oregon,[Oregon](#f/oregon)
Oregon State,[Oregon State](#f/oregonstate)
Pacific,[Pacific](#f/pacific)
Penn,[Pennsylvania](#f/pennsylvania)
Penn State,[Penn State](#f/pennstate)
Pepperdine,[Pepperdine](#f/pepperdine)
Pittsburgh,[Pittsburgh](#f/pittsburgh)
Portland,[Portland](#f/portland)
Portland State,[Portland State](#f/portlandstate)
Prairie View A&M,[Prairie View A&M](#f/prairieviewam)
Presbyterian College,[Presbyterian](#f/presbyterian)
Princeton,[Princeton](#f/princeton)
Providence,[Providence](#f/providence)
Purdue,[Purdue](#f/purdue)
Quinnipiac,[Quinnipiac](#f/quinnipiac)
Radford,[Radford](#f/radford)
Rhode Island,[Rhode Island](#f/rhodeisland)
Rice,[Rice](#f/rice)
Richmond,[Richmond](#f/richmond)
Rider,[Rider](#f/rider)
Robert Morris,[Robert Morris](#f/robertmorris)
Rutgers,[Rutgers](#f/rutgers)
Sacramento State,[Sacramento State](#f/sacramentostate)
Sacred Heart,[Sacred Heart](#f/sacredheart)
Saint Joseph's,[St. Joseph's (PA)](#f/stjosephspa)
Saint Louis,[Saint Louis](#f/saintlouis)
Saint Mary's,[St. Mary's (CA)](#f/stmarys)
Saint Peter's,[St. Peter's](#f/stpeters)
Sam Houston State,[Sam Houston State](#f/samhoustonstate)
Samford,[Samford](#f/samford)
San Diego,[San Diego](#f/sandiego)
San Diego State,[San Diego State](#f/sandiegostate)
San Francisco,[San Francisco](#f/sanfrancisco)
San José State,[San José State](#f/sanjosestate)
Santa Clara,[Santa Clara](#f/santaclara)
Savannah State,[Savannah State](#f/savannahstate)
Seattle,[Seattle](#f/seattle)
Seton Hall,[Seton Hall](#f/setonhall)
Siena,[Siena](#f/siena)
SIU Edwardsville,[SIUE](#f/siue)
SMU,[SMU](#f/smu)
South Alabama,[South Alabama](#f/southalabama)
South Carolina,[South Carolina](#f/southcarolina)
South Carolina State,[South Carolina State](#f/southcarolinastate)
South Carolina Upstate,[USC Upstate](#f/uscupstate)
South Dakota,[South Dakota](#f/southdakota)
South Dakota State,[South Dakota State](#f/southdakotastate)
South Florida,[USF](#f/usf)
Southeast Missouri State,[Southeast Missouri State](#f/southeastmissouristate)
Southeastern Louisiana,[Southeastern Louisiana](#f/southeasternlouisiana)
Southern,[Southern University](#f/southern)
Southern Illinois,[Southern Illinois](#f/southernillinois)
Southern Mississippi,[Southern Miss](#f/southernmiss)
Southern Utah,[Southern Utah](#f/southernutah)
St Bonaventure,[St. Bonaventure](#f/stbonaventure)
St Francis (BKN),[St. Francis Brooklyn](#f/stfrancisbrooklyn)
St Francis (PA),[St. Francis](#f/stfrancis)
St John's,[St. John's (NY)](#f/stjohnsny)
Stanford,[Stanford](#f/stanford)
Stephen F. Austin,[Stephen F. Austin](#f/stephenfaustin)
Stetson,[Stetson](#f/stetson)
Stony Brook,[Stony Brook](#f/stonybrook)
Syracuse,[Syracuse](#f/syracuse)
TCU,[TCU](#f/tcu)
Temple,[Temple](#f/temple)
Tennessee,[Tennessee](#f/tennessee)
Tennessee State,[Tennessee State](#f/tennesseestate)
Tennessee Tech,[Tennessee Tech](#f/tennesseetech)
Texas,[Texas](#f/texas)
Texas A&M,[Texas A&M](#f/texasam)
Texas A&M-CC,[Texas A&M-Corpus Christi](#f/texasamcorpuschristi)
Texas Southern,[Texas Southern](#f/texassouthern)
Texas State,[Texas State](#f/texasstate)
Texas Tech,[Texas Tech](#f/texastech)
The Citadel,[The Citadel](#f/citadel)
Toledo,[Toledo](#f/toledo)
Towson,[Towson](#f/towson)
Troy,[Troy](#f/troy)
Tulane,[Tulane](#f/tulane)
Tulsa,[Tulsa](#f/tulsa)
UAB,[UAB](#f/uab)
UC Davis,[UC Davis](#f/ucdavis)
UC Irvine,[UC Irvine](#f/ucirvine)
UC Riverside,[UC Riverside](#f/ucriverside)
UC Santa Barbara,[UCSB](#f/ucsb)
UCF,[UCF](#f/ucf)
UCLA,[UCLA](#f/ucla)
UIC,[UIC](#f/uic)
UL Lafayette,[Louisiana](#f/louisiana)
UMass Lowell,[Massachusetts Lowell](#f/massachusettslowell)
UMBC,[UMBC](#f/umbc)
UMKC,[UMKC](#f/umkc)
UNC Asheville,[UNC Asheville](#f/uncasheville)
UNC Greensboro,[UNC Greensboro](#f/uncgreensboro)
UNC Wilmington,[UNC Wilmington](#f/uncwilmington)
UNLV,[UNLV](#f/unlv)
USC,[USC](#f/usc)
UT Martin,[Tennessee-Martin](#f/tennesseemartin)
UT Rio Grande Valley,[UTRGV](#f/texasriograndevalley)
UT San Antonio,[UTSA](#f/utsa)
UT-Arlington,[UT Arlington](#f/utarlington)
Utah,[Utah](#f/utah)
Utah State,[Utah State](#f/utahstate)
Utah Valley,[Utah Valley](#f/utahvalley)
UTEP,[UTEP](#f/utep)
Valparaiso,[Valparaiso](#f/valparaiso)
Vanderbilt,[Vanderbilt](#f/vanderbilt)
VCU,[VCU](#f/vcu)
Vermont,[Vermont](#f/vermont)
Villanova,[Villanova](#f/villanova)
Virginia,[Virginia](#f/virginia)
Virginia Tech,[Virginia Tech](#f/virginiatech)
VMI,[VMI](#f/virginiamilitaryinstitute)
Wagner,[Wagner](#f/wagner)
Wake Forest,[Wake Forest](#f/wakeforest)
Washington,[Washington](#f/washington)
Washington State,[Washington State](#f/washingtonstate)
Weber State,[Weber State](#f/weberstate)
West Virginia,[West Virginia](#f/westvirginia)
Western Carolina,[Western Carolina](#f/westerncarolina)
Western Illinois,[Western Illinois](#f/westernillinois)
Western Kentucky,[Western Kentucky](#f/westernkentucky)
Western Michigan,[Western Michigan](#f/westernmichigan)
Wichita St,[Wichita State](#f/wichitastate)
William & Mary,[William & Mary](#f/williammary)
Winthrop,[Winthrop](#f/winthrop)
Wisconsin,[Wisconsin](#f/wisconsin)
Wofford,[Wofford](#f/wofford)
Wright State,[Wright State](#f/wrightstate)
Wyoming,[Wyoming](#f/wyoming)
Xavier,[Xavier](#f/xavier)
Yale,[Yale](#f/yale)
Youngstown State,[Youngstown State](#f/youngstownstate)